{"cameraMode":{"drawMode":0,"name":"Shaded","section":"Shading Mode"},"sceneLighting":false,"audioPlay":false,"sceneViewState":{"showFog":true,"showMaterialUpdate":false,"showSkybox":true,"showFlares":true,"showImageEffects":true,"showParticleSystems":true},"in2DMode":false,"pivot":{"x":-334.9706726074219,"y":-45.890037536621097,"z":2.2585906982421877},"rotation":{"x":0.07893223315477371,"y":0.7285652160644531,"z":-0.08518864959478378,"w":0.6750595569610596},"size":449.08831787109377,"orthographic":false}