{"cameraMode":{"drawMode":0,"name":"Shaded","section":"Shading Mode"},"sceneLighting":false,"audioPlay":false,"sceneViewState":{"showFog":true,"showMaterialUpdate":false,"showSkybox":true,"showFlares":true,"showImageEffects":true,"showParticleSystems":true},"in2DMode":false,"pivot":{"x":-476.67926025390627,"y":5285.1572265625,"z":-62.281951904296878},"rotation":{"x":-0.0936899334192276,"y":-0.5156387090682983,"z":0.05685052648186684,"w":-0.8497687578201294},"size":158.41281127929688,"orthographic":false}