{"cameraMode":{"drawMode":0,"name":"Shaded","section":"Shading Mode"},"sceneLighting":false,"audioPlay":false,"sceneViewState":{"showFog":true,"showMaterialUpdate":false,"showSkybox":true,"showFlares":true,"showImageEffects":true,"showParticleSystems":true},"in2DMode":false,"pivot":{"x":55.22957992553711,"y":-1.8684790134429932,"z":-113.31129455566406},"rotation":{"x":-0.18323254585266114,"y":0.7518198490142822,"z":-0.23405671119689942,"w":-0.5885661840438843},"size":288.36517333984377,"orthographic":false}