{"cameraMode":{"drawMode":0,"name":"Shaded","section":"Shading Mode"},"sceneLighting":false,"audioPlay":false,"sceneViewState":{"showFog":true,"showMaterialUpdate":false,"showSkybox":true,"showFlares":true,"showImageEffects":true,"showParticleSystems":true},"in2DMode":false,"pivot":{"x":4327.68310546875,"y":41.7501106262207,"z":-2.156200408935547},"rotation":{"x":-0.13971088826656342,"y":-0.21703985333442689,"z":-0.031401846557855609,"w":0.9656027555465698},"size":113.9751968383789,"orthographic":false}