{"cameraMode":{"drawMode":0,"name":"Shaded","section":"Shading Mode"},"sceneLighting":false,"audioPlay":false,"sceneViewState":{"showFog":true,"showMaterialUpdate":false,"showSkybox":true,"showFlares":true,"showImageEffects":true,"showParticleSystems":true},"in2DMode":false,"pivot":{"x":261.1993103027344,"y":225.13925170898438,"z":-8.044132232666016},"rotation":{"x":-0.4150570333003998,"y":0.5156739354133606,"z":-0.31461066007614138,"w":-0.680314838886261},"size":61.98025131225586,"orthographic":false}