{"cameraMode":{"drawMode":0,"name":"Shaded","section":"Shading Mode"},"sceneLighting":false,"audioPlay":false,"sceneViewState":{"showFog":true,"showMaterialUpdate":false,"showSkybox":true,"showFlares":true,"showImageEffects":true,"showParticleSystems":true},"in2DMode":false,"pivot":{"x":4349.796875,"y":-308.0,"z":-27.436901092529298},"rotation":{"x":0.007178895175457001,"y":-0.056371454149484637,"z":-0.00040501091280020773,"w":-0.9983839988708496},"size":492.4933776855469,"orthographic":false}