{"cameraMode":{"drawMode":0,"name":"Shaded","section":"Shading Mode"},"sceneLighting":false,"audioPlay":false,"sceneViewState":{"showFog":true,"showMaterialUpdate":false,"showSkybox":true,"showFlares":true,"showImageEffects":true,"showParticleSystems":true},"in2DMode":false,"pivot":{"x":-0.511059045791626,"y":-0.04360485076904297,"z":0.0},"rotation":{"x":-0.13486556708812715,"y":0.021397896111011506,"z":-0.002913202391937375,"w":-0.9906286001205444},"size":1044.44091796875,"orthographic":false}