{"cameraMode":{"drawMode":0,"name":"Shaded","section":"Shading Mode"},"sceneLighting":false,"audioPlay":false,"sceneViewState":{"showFog":true,"showMaterialUpdate":false,"showSkybox":true,"showFlares":true,"showImageEffects":true,"showParticleSystems":true},"in2DMode":false,"pivot":{"x":-3.941500663757324,"y":2.5399999618530275,"z":-0.13497543334960938},"rotation":{"x":-0.013764934614300728,"y":0.8137603998184204,"z":-0.5807172060012817,"w":-0.01928892731666565},"size":74.40155792236328,"orthographic":false}