{"cameraMode":{"drawMode":0,"name":"Shaded","section":"Shading Mode"},"sceneLighting":false,"audioPlay":false,"sceneViewState":{"showFog":true,"showMaterialUpdate":false,"showSkybox":true,"showFlares":true,"showImageEffects":true,"showParticleSystems":true},"in2DMode":false,"pivot":{"x":2687.77880859375,"y":-454.7110595703125,"z":-231.1488037109375},"rotation":{"x":-0.0016685791779309512,"y":0.9973464012145996,"z":-0.02424989826977253,"w":-0.06862478703260422},"size":2237.640625,"orthographic":false}